{
  "phase1": {
    "loss": [
      2.426264524459839,
      1.9969892501831055,
      1.8384079933166504,
      1.7553737163543701,
      1.691496729850769,
      1.6712117195129395,
      1.6419023275375366,
      1.5992542505264282,
      1.5401897430419922,
      1.5074715614318848,
      1.4826092720031738,
      1.4752670526504517,
      1.4505079984664917,
      1.4529666900634766,
      1.4435909986495972,
      1.4449456930160522,
      1.4511003494262695,
      1.4332183599472046,
      1.4199362993240356,
      1.4275023937225342,
      1.4178249835968018,
      1.4149218797683716,
      1.404834508895874,
      1.3995919227600098,
      1.39175546169281
    ],
    "rock_output_accuracy": [
      0.21358917653560638,
      0.31755268573760986,
      0.373859703540802,
      0.3911607563495636,
      0.41648316383361816,
      0.41742685437202454,
      0.42434728145599365,
      0.44589492678642273,
      0.4534444808959961,
      0.4620949923992157,
      0.47546398639678955,
      0.46759986877441406,
      0.4720037877559662,
      0.4831708073616028,
      0.48332810401916504,
      0.4867883026599884,
      0.4771941006183624,
      0.4855300486087799,
      0.49433785676956177,
      0.4959106743335724,
      0.49449512362480164,
      0.49732619524002075,
      0.5058194398880005,
      0.5037747621536255,
      0.49575337767601013
    ],
    "rock_output_loss": [
      3.101905345916748,
      2.539809226989746,
      2.32867431640625,
      2.218984365463257,
      2.129910469055176,
      2.0984904766082764,
      2.0602242946624756,
      1.9990869760513306,
      1.9239816665649414,
      1.8822766542434692,
      1.8500616550445557,
      1.841813564300537,
      1.8075244426727295,
      1.8069040775299072,
      1.8003870248794556,
      1.797781229019165,
      1.809883713722229,
      1.7839665412902832,
      1.7652897834777832,
      1.7744762897491455,
      1.7606089115142822,
      1.75774085521698,
      1.7460740804672241,
      1.7366259098052979,
      1.7292593717575073
    ],
    "rock_output_top3_acc": [
      0.40327146649360657,
      0.5457690954208374,
      0.5972003936767578,
      0.6198490262031555,
      0.6380937695503235,
      0.6461151242256165,
      0.6519345641136169,
      0.6706511378288269,
      0.6815035939216614,
      0.7010065913200378,
      0.7024221420288086,
      0.7058823704719543,
      0.7143756151199341,
      0.7165775299072266,
      0.7134318947792053,
      0.7189368009567261,
      0.7153192758560181,
      0.7238125205039978,
      0.724441647529602,
      0.718307614326477,
      0.724441647529602,
      0.7252280712127686,
      0.7266436219215393,
      0.7327775955200195,
      0.7302610874176025
    ],
    "type_output_accuracy": [
      0.6454859972000122,
      0.6961308717727661,
      0.7146901488304138,
      0.7179930806159973,
      0.7312048077583313,
      0.720352292060852,
      0.7255426049232483,
      0.724913477897644,
      0.7318339347839355,
      0.7392261624336243,
      0.7459893226623535,
      0.7434728145599365,
      0.7459893226623535,
      0.7444164752960205,
      0.7466184496879578,
      0.746146559715271,
      0.7430009245872498,
      0.7404844164848328,
      0.7524378895759583,
      0.7450456023216248,
      0.7513368725776672,
      0.745202898979187,
      0.7510223388671875,
      0.743158221244812,
      0.7464611530303955
    ],
    "type_output_loss": [
      0.8489411473274231,
      0.7299270033836365,
      0.6940637230873108,
      0.675180971622467,
      0.664955735206604,
      0.675635039806366,
      0.6659848690032959,
      0.6665992736816406,
      0.6436324119567871,
      0.6335271000862122,
      0.6240081191062927,
      0.6188231706619263,
      0.615077018737793,
      0.6246158480644226,
      0.6110848188400269,
      0.6208699941635132,
      0.6154268383979797,
      0.6159181594848633,
      0.6140837073326111,
      0.6178293824195862,
      0.6185126900672913,
      0.6137860417366028,
      0.6063886880874634,
      0.613629162311554,
      0.6023632884025574
    ],
    "val_loss": [
      2.0138466358184814,
      1.9015675783157349,
      1.8371037244796753,
      1.833131194114685,
      1.8214536905288696,
      1.7820042371749878,
      1.7872358560562134,
      1.7923482656478882,
      1.764077067375183,
      1.7673207521438599,
      1.7524824142456055,
      1.750520944595337,
      1.7361602783203125,
      1.7476218938827515,
      1.7468012571334839,
      1.738158941268921,
      1.7378110885620117,
      1.7439308166503906,
      1.7313599586486816,
      1.7324790954589844,
      1.7281326055526733,
      1.734370470046997,
      1.7308701276779175,
      1.730899453163147,
      1.733189344406128
    ],
    "val_rock_output_accuracy": [
      0.33085501194000244,
      0.35985130071640015,
      0.3828996419906616,
      0.37620818614959717,
      0.39182156324386597,
      0.3955390453338623,
      0.3985130190849304,
      0.40148699283599854,
      0.40223047137260437,
      0.4059479534626007,
      0.4037174582481384,
      0.40966543555259705,
      0.4104089140892029,
      0.4037174582481384,
      0.40446096658706665,
      0.4156133830547333,
      0.40743494033813477,
      0.4037174582481384,
      0.4111524224281311,
      0.4141263961791992,
      0.41710036993026733,
      0.41710036993026733,
      0.413382887840271,
      0.4163568913936615,
      0.4104089140892029
    ],
    "val_rock_output_loss": [
      2.5818281173706055,
      2.417203187942505,
      2.3346428871154785,
      2.3175582885742188,
      2.2892563343048096,
      2.250673294067383,
      2.2641074657440186,
      2.2623441219329834,
      2.2286858558654785,
      2.2320122718811035,
      2.2215046882629395,
      2.218615770339966,
      2.196565866470337,
      2.2093584537506104,
      2.2040865421295166,
      2.1954898834228516,
      2.196408748626709,
      2.1991984844207764,
      2.1848573684692383,
      2.1820547580718994,
      2.182936668395996,
      2.1822242736816406,
      2.185368299484253,
      2.187746286392212,
      2.187392234802246
    ],
    "val_rock_output_top3_acc": [
      0.5561338067054749,
      0.5672862529754639,
      0.5881040692329407,
      0.5888475775718689,
      0.5933085680007935,
      0.6126394271850586,
      0.5992565155029297,
      0.608178436756134,
      0.6096654534339905,
      0.608178436756134,
      0.6208178400993347,
      0.6118959188461304,
      0.6230483055114746,
      0.6230483055114746,
      0.6237918138504028,
      0.6237918138504028,
      0.6260222792625427,
      0.6275092959403992,
      0.6312267780303955,
      0.6319702863693237,
      0.6282528042793274,
      0.6327137351036072,
      0.624535322189331,
      0.6304832696914673,
      0.626765787601471
    ],
    "val_type_output_accuracy": [
      0.6907063126564026,
      0.7033457159996033,
      0.7256505489349365,
      0.7219330668449402,
      0.7189590930938721,
      0.7308550477027893,
      0.7278810143470764,
      0.7315984964370728,
      0.7301115393638611,
      0.7360594868659973,
      0.7412639260292053,
      0.7412639260292053,
      0.7412639260292053,
      0.7345724701881409,
      0.7263940572738647,
      0.7405204176902771,
      0.732342004776001,
      0.7405204176902771,
      0.7442378997802734,
      0.7353159785270691,
      0.7390334606170654,
      0.7293680310249329,
      0.7427509427070618,
      0.7405204176902771,
      0.7479553818702698
    ],